PID,TID,DevId,Count,QCount,TAvg (ns),TMed (ns),TMin (ns),TMax (ns),TStdDev (ns),AAvg (ns),AMed (ns),AMin (ns),AMax (ns),AStdDev (ns),QAvg (ns),QMed (ns),QMin (ns),QMax (ns),QStdDev (ns),KAvg (ns),KMed (ns),KMin (ns),KMax (ns),KStdDev (ns),API Name,Kernel Name
613697,613697,0,28,27,12498321.9,12486408.0,1036453,24092525,7051801.6,7631.0,5570.5,4977,51284,8651.6,11928774.9,11924769.0,798442,23099135,6812178.4,987970.6,987813.0,985925,989669,884.8,cudaLaunchKernel,"void at::native::vectorized_elementwise_kernel<(int)4, at::native::FillFunctor<signed char>, std::array<char *, (unsigned long)1>>(int, T2, T3)"
613697,613697,0,1211,1202,7552518.2,5618904.0,6394,24478157,7622118.6,11068.9,4806.0,3664,6895674,198024.7,7507081.3,5585546.0,272,24346000,7587527.9,90167.7,127584.0,864,162176,61209.1,cudaLaunchKernel,"void at::native::vectorized_elementwise_kernel<(int)4, at::native::FillFunctor<int>, std::array<char *, (unsigned long)1>>(int, T2, T3)"
613697,613697,0,2,0,6898599.0,6898599.0,21103,13776095,9726248.1,6897685.5,6897685.5,19276,13776095,9727540.0,,,,,0.0,2256.0,2256.0,2176,2336,113.1,cudaLaunchKernel,"void at::native::elementwise_kernel<(int)128, (int)4, void at::native::gpu_kernel_impl<at::native::<unnamed>::pow_tensor_tensor_kernel(at::TensorIteratorBase &)::[lambda() (instance 1)]::operator ()() const::[lambda() (instance 7)]::operator ()() const::[lambda(float, float) (instance 1)]>(at::TensorIteratorBase &, const T1 &)::[lambda(int) (instance 1)]>(int, T3)"
613697,613697,0,2,1,6799012.0,6799012.0,6198237,7399787,849624.2,2849939.0,2849939.0,8562,5691316,4018313.9,6872118.0,6872118.0,6872118,6872118,0.0,515187.0,515187.0,511267,519107,5543.7,cudaLaunchKernel,"void at::native::<unnamed>::cunn_SoftMaxForward<(int)4, float, float, float, at::native::<unnamed>::SoftMaxForwardEpilogue>(T4 *, const T2 *, int)"
613697,613697,0,1,0,4591595.0,4591595.0,4591595,4591595,0.0,4587713.0,4587713.0,4587713,4587713,0.0,,,,,0.0,7136.0,7136.0,7136,7136,0.0,cudaLaunchKernel,"void at::native::vectorized_elementwise_kernel<(int)4, at::native::float16_copy_kernel_cuda(at::TensorIteratorBase &)::[lambda(float) (instance 1)], std::array<char *, (unsigned long)2>>(int, T2, T3)"
613697,613697,0,1517,1512,4578591.8,21346.0,6996,24515979,7738463.9,4706.9,4505.0,3527,33308,1464.1,4569872.8,14711.0,197,24447436,7721548.3,19077.0,2016.0,1152,68257,27177.0,cuLaunchKernel,triton_poi_fused_mul_silu_slice_2
613697,613697,0,3,2,4246041.7,4112242.0,1169224,7456659,3145852.3,1382675.7,28568.0,7217,4112242,2363897.9,4293833.0,4293833.0,1139376,7448290,4461075.9,1194.7,1152.0,1152,1280,73.9,cudaLaunchKernel,"void at::native::mbtopk::fill<unsigned int, unsigned int>(T1 *, T1, T2)"
613697,613697,0,2,1,3927642.5,3927642.5,314804,7540481,5109325.2,14927.0,14927.0,6547,23307,11851.1,7233165.0,7233165.0,7233165,7233165,0.0,296945.0,296945.0,293121,300769,5408.0,cudaLaunchKernel,"void flashinfer::sampling::TopPSamplingFromProbKernel<(unsigned int)1024, (cub::_V_300302_SM_890::BlockScanAlgorithm)2, (cub::_V_300302_SM_890::BlockReduceAlgorithm)2, (unsigned int)4, (bool)1, float, int>(T6 *, T7 *, bool *, T7 *, float *, float, unsigned int, unsigned long *, unsigned long, unsigned long *, unsigned long)"
613697,613697,0,1,0,3899370.0,3899370.0,3899370,3899370,0.0,3899370.0,3899370.0,3899370,3899370,0.0,,,,,0.0,1216.0,1216.0,1216,1216,0.0,cudaLaunchKernel,"void at::native::vectorized_elementwise_kernel<(int)4, at::native::reciprocal_kernel_cuda(at::TensorIteratorBase &)::[lambda() (instance 1)]::operator ()() const::[lambda() (instance 2)]::operator ()() const::[lambda(float) (instance 1)], std::array<char *, (unsigned long)2>>(int, T2, T3)"
613697,613697,0,2,1,3838225.0,3838225.0,56319,7620131,5348422.8,31390.5,31390.5,7054,55727,34417.0,7608725.0,7608725.0,7608725,7608725,0.0,4336.0,4336.0,4320,4352,22.6,cudaLaunchKernel,"void at::native::bitonicSortKVInPlace<(int)2, (int)-1, (int)16, (int)16, c10::Half, long, at::native::GTOp<c10::Half, (bool)1>, unsigned int>(at::cuda::detail::TensorInfo<T5, T8>, T8, T8, T8, at::cuda::detail::TensorInfo<T6, T8>, T8, T7)"
613697,613697,0,2,1,3747338.0,3747338.0,583585,6911091,4474222.4,18187.0,18187.0,8425,27949,13805.6,6348679.0,6348679.0,6348679,6348679,0.0,555715.0,555715.0,553987,557443,2443.8,cudaLaunchKernel,"void flashinfer::sampling::RadixTopKMaskLogitsKernel_MultiCTA<(unsigned int)1024, (unsigned int)4, (bool)0, float, int>(T4 *, T4 *, T5 *, unsigned int, unsigned int, unsigned int, flashinfer::sampling::RadixRowState *, unsigned int, unsigned int)"
613697,613697,0,2,1,3644684.5,3644684.5,716521,6572848,4141048.5,31732.5,31732.5,6301,57164,35965.6,5899312.0,5899312.0,5899312,5899312,0.0,667091.0,667091.0,666947,667235,203.6,cuLaunchKernelEx,_min_p_kernel
613697,613697,0,1,0,3557832.0,3557832.0,3557832,3557832,0.0,3557832.0,3557832.0,3557832,3557832,0.0,,,,,0.0,1056.0,1056.0,1056,1056,0.0,cudaLaunchKernel,"void at::native::vectorized_elementwise_kernel<(int)4, at::native::BUnaryFunctor<float, float, float, at::native::binary_internal::MulFunctor<float>>, std::array<char *, (unsigned long)2>>(int, T2, T3)"
613697,613697,0,2,1,3249644.5,3249644.5,552894,5946395,3813781.1,32969.5,32969.5,5584,60355,38728.9,5441608.0,5441608.0,5441608,5441608,0.0,499491.0,499491.0,499203,499779,407.3,cuLaunchKernelEx,_temperature_kernel
613697,613697,0,3,3,3180002.3,1719584.0,170163,7650260,3948110.8,13662.7,12845.0,6255,21888,7848.5,2950637.0,1353361.0,1650,7496900,3994766.7,215702.7,147105.0,146625,353378,119230.6,cudaLaunchKernel,"void at::native::mbtopk::gatherTopK<c10::Half, unsigned int, (int)2>(at::cuda::detail::TensorInfo<const T1, T2>, T2, T2, bool, unsigned int, T2, at::cuda::detail::TensorInfo<T1, T2>, T2, at::cuda::detail::TensorInfo<long, T2>, T2, unsigned int, unsigned int, T1 *, unsigned int *, unsigned int *, unsigned int)"
613697,613697,0,2,1,3149755.0,3149755.0,732990,5566520,3417821.8,33960.5,33960.5,6208,61713,39248.0,4879989.0,4879989.0,4879989,4879989,0.0,679699.5,679699.5,679076,680323,881.8,cuLaunchKernelEx,_penalties_kernel
613697,613697,0,1,0,3097457.0,3097457.0,3097457,3097457,0.0,3097457.0,3097457.0,3097457,3097457,0.0,,,,,0.0,1056.0,1056.0,1056,1056,0.0,cudaLaunchKernel,"void at::native::vectorized_elementwise_kernel<(int)4, at::native::AUnaryFunctor<float, float, float, at::native::binary_internal::MulFunctor<float>>, std::array<char *, (unsigned long)2>>(int, T2, T3)"
613697,613697,0,3,3,3078019.3,1612174.0,37526,7584358,3981230.4,20537.3,18699.0,8319,34594,13233.6,3055359.3,1590787.0,1108,7574183,3993318.8,2122.7,1856.0,1824,2688,489.9,cudaLaunchKernel,"void at::native::<unnamed>::CatArrayBatchedCopy_alignedK_contig<at::native::<unnamed>::OpaqueType<(unsigned int)8>, unsigned int, (int)2, (int)128, (int)1, (int)16>(T1 *, at::native::<unnamed>::CatArrInputTensorMetadata<T1, T2, T4, T5>, at::native::<unnamed>::TensorSizeStride<T2, (unsigned int)4>, int, T2)"
613697,613697,0,3,3,3071372.3,1516186.0,143699,7554232,3942455.2,13451.3,14049.0,6053,20252,7118.3,3054102.3,1498201.0,119671,7544435,3949354.6,3818.7,3776.0,3744,3936,102.9,cudaLaunchKernel,"void at::native::mbtopk::computeBlockwiseKthCounts<unsigned int>(T1 *, short *, unsigned int, unsigned int, unsigned int *)"
613697,613697,0,6,6,3053956.3,1439465.5,150853,7590914,3544960.7,11944.2,8534.5,4286,28695,9451.4,2891942.0,1157727.0,233,7530874,3583729.8,150070.2,127025.0,55168,287490,97552.6,cudaLaunchKernel,"void at::native::mbtopk::computeBlockDigitCounts<c10::Half, unsigned int, unsigned int, (int)2>(at::cuda::detail::TensorInfo<const T1, T2>, unsigned int, unsigned int *, unsigned int, T2, int, int, unsigned int, T3, T3 *, short *)"
613697,613697,0,6,6,3043837.2,1427109.5,130168,7587794,3549752.0,15489.0,11306.5,4090,36700,12694.5,3025638.8,1411787.0,103802,7549110,3546160.5,2709.3,2096.0,1984,4160,1017.1,cudaLaunchKernel,"at::native::mbtopk::computeDigitCumSum(short *, unsigned int *, unsigned int)"
613697,613697,0,6,6,3032679.7,1416703.0,113019,7556476,3546284.9,10522.7,8578.0,3736,19839,6692.9,3013202.3,1387416.5,89349,7544909,3551014.5,8954.7,6448.0,6336,14336,3961.7,cudaLaunchKernel,"void at::native::mbtopk::computeBlockwiseWithinKCounts<unsigned int, c10::Half>(T1 *, short *, unsigned int *, unsigned int *, unsigned int, int, bool, unsigned int *, T2 *, unsigned int *, T1 *, unsigned int)"
613697,613697,0,4,3,3020405.0,2659024.0,19896,6743676,3345225.9,1695701.0,14307.0,10514,6743676,3365317.5,1763082.7,359148.0,353,4929747,2748273.2,3000.0,2896.0,2208,4000,832.6,cudaLaunchKernel,"void at::native::index_elementwise_kernel<(int)128, (int)4, void at::native::gpu_index_kernel<void at::native::index_kernel_impl<at::native::OpaqueType<(int)8>>(at::TensorIteratorBase &, c10::ArrayRef<long>, c10::ArrayRef<long>)::[lambda(char *, const char *, long) (instance 1)]>(at::TensorIteratorBase &, c10::ArrayRef<long>, c10::ArrayRef<long>, const T1 &, bool)::[lambda(int) (instance 1)]>(long, T3)"
613697,613697,0,6,6,3000562.8,1434080.5,7882,7534776,3559052.0,10257.8,9130.5,4627,19790,5963.4,2989366.3,1420359.5,1772,7527422,3562614.0,938.7,928.0,928,960,16.5,cudaLaunchKernel,"void at_cuda_detail::cub::detail::scan_by_key::DeviceScanByKeyInitKernel<at_cuda_detail::cub::ReduceByKeyScanTileState<unsigned int, int, (bool)1>, thrust::THRUST_300001_SM_750_800_860_900_1000_1200_NS::transform_iterator<at::native::mbtopk::BlockIdxToKey, thrust::THRUST_300001_SM_750_800_860_900_1000_1200_NS::counting_iterator<unsigned int, unsigned int, thrust::THRUST_300001_SM_750_800_860_900_1000_1200_NS::use_default, thrust::THRUST_300001_SM_750_800_860_900_1000_1200_NS::use_default>, thrust::THRUST_300001_SM_750_800_860_900_1000_1200_NS::use_default, thrust::THRUST_300001_SM_750_800_860_900_1000_1200_NS::use_default>, unsigned long long>(T1, T2, cuda::std::__4::iterator_traits<T2, void>::value_type *, T3, int)"
613697,613697,0,6,6,2990217.7,1415661.0,10135,7527960,3562119.2,14251.3,8832.5,4805,43508,14804.6,2973097.0,1399903.5,1850,7518917,3569746.1,2869.3,2832.0,2656,3168,217.7,cudaLaunchKernel,"void at_cuda_detail::cub::detail::scan_by_key::DeviceScanByKeyKernel<at_cuda_detail::cub::detail::scan_by_key::policy_hub<thrust::THRUST_300001_SM_750_800_860_900_1000_1200_NS::transform_iterator<at::native::mbtopk::BlockIdxToKey, thrust::THRUST_300001_SM_750_800_860_900_1000_1200_NS::counting_iterator<unsigned int, unsigned int, thrust::THRUST_300001_SM_750_800_860_900_1000_1200_NS::use_default, thrust::THRUST_300001_SM_750_800_860_900_1000_1200_NS::use_default>, thrust::THRUST_300001_SM_750_800_860_900_1000_1200_NS::use_default, thrust::THRUST_300001_SM_750_800_860_900_1000_1200_NS::use_default>, unsigned int, unsigned int, cuda::std::__4::plus<void>>::Policy1000, thrust::THRUST_300001_SM_750_800_860_900_1000_1200_NS::transform_iterator<at::native::mbtopk::BlockIdxToKey, thrust::THRUST_300001_SM_750_800_860_900_1000_1200_NS::counting_iterator<unsigned int, unsigned int, thrust::THRUST_300001_SM_750_800_860_900_1000_1200_NS::use_default, thrust::THRUST_300001_SM_750_800_860_900_1000_1200_NS::use_default>, thrust::THRUST_300001_SM_750_800_860_900_1000_1200_NS::use_default, thrust::THRUST_300001_SM_750_800_860_900_1000_1200_NS::use_default>, unsigned int *, unsigned int *, at_cuda_detail::cub::ReduceByKeyScanTileState<unsigned int, int, (bool)1>, cuda::std::__4::equal_to<void>, cuda::std::__4::plus<void>, at_cuda_detail::cub::NullType, unsigned long long, unsigned int, unsigned int>(T2, T11 *, T3, T4, T5, int, T6, T7, T8, T9)"
613697,613697,0,2,1,2883350.0,2883350.0,14255,5752445,4057513.1,2882214.0,2882214.0,11983,5752445,4059119.6,512.0,512.0,512,512,0.0,2080.0,2080.0,1760,2400,452.5,cudaLaunchKernel,"void at::native::_scatter_gather_elementwise_kernel<(int)128, (int)8, void at::native::_cuda_scatter_gather_internal_kernel<(bool)0, at::native::OpaqueType<(int)8>, long>::operator ()<at::native::TensorAssign>(at::TensorIterator &, long, long, long, const T1 &)::[lambda(int) (instance 1)]>(int, T3)"
613697,613697,0,2,1,2785130.5,2785130.5,54072,5516189,3862300.0,25803.0,25803.0,6573,45033,27195.3,5495184.0,5495184.0,5495184,5495184,0.0,14112.0,14112.0,13792,14432,452.5,cuLaunchKernelEx,_bad_words_kernel
613697,613697,0,1,0,2775904.0,2775904.0,2775904,2775904,0.0,2771054.0,2771054.0,2771054,2771054,0.0,,,,,0.0,10976.0,10976.0,10976,10976,0.0,cudaLaunchKernel,"void at::native::<unnamed>::CatArrayBatchedCopy_vectorized<at::native::<unnamed>::OpaqueType<(unsigned int)4>, unsigned int, (int)2, (int)128, (int)1, (int)16, (int)4>(char *, at::native::<unnamed>::CatArrInputTensorMetadata<T1, T2, T4, T5>, at::native::<unnamed>::TensorSizeStride<T2, (unsigned int)4>, int, T2)"
613697,613697,0,28,27,2731188.0,2601034.0,174847,5720831,1722474.1,7044.3,5645.5,5160,36415,5814.0,2654553.6,2524994.0,1550,5551287,1681111.4,164562.0,164497.0,163905,165857,448.7,cudaLaunchKernel,ampere_fp16_s1688gemm_fp16_128x128_ldg8_f2f_stages_32x1_tn
613697,613697,0,3,1,2721887.7,344293.0,214703,7606667,4230839.2,48717.7,26761.0,6130,113262,56840.9,7493785.0,7493785.0,7493785,7493785,0.0,177483.7,106977.0,106752,318722,122316.0,cuLaunchKernelEx,_topk_log_softmax_kernel
613697,613697,0,3,2,2684521.0,391028.0,79184,7583351,4245375.5,26100.7,10158.0,5893,62251,31379.7,3868427.0,3868427.0,183493,7553361,5211283.6,81963.3,24416.0,24097,197377,99951.3,cuLaunchKernelEx,_ranks_kernel
613697,613697,0,2,1,2519310.5,2519310.5,72899,4965722,3459748.3,36616.0,36616.0,8204,65028,40180.6,4942094.0,4942094.0,4942094,4942094,0.0,15888.0,15888.0,15424,16352,656.2,cuLaunchKernelEx,_bias_kernel
613697,613697,0,3,2,2386050.7,33149.0,14742,7110261,4091296.5,17542.3,11263.0,9761,31603,12200.0,3548405.5,3548405.5,1589,7095222,5015956.0,3733.3,3776.0,3392,4032,322.1,cuLaunchKernelEx,_post_update_kernel
613697,613697,0,8,7,2304757.5,225014.0,10934,6501792,3070622.9,20337.1,7519.5,5418,61125,23013.3,2606432.3,339268.0,911,6489581,3176464.8,3908.0,3872.0,2208,5664,1491.6,cudaLaunchKernel,"void at::native::index_elementwise_kernel<(int)128, (int)4, void at::native::gpu_index_kernel<void at::native::index_kernel_impl<at::native::OpaqueType<(int)4>>(at::TensorIteratorBase &, c10::ArrayRef<long>, c10::ArrayRef<long>)::[lambda(char *, const char *, long) (instance 1)]>(at::TensorIteratorBase &, c10::ArrayRef<long>, c10::ArrayRef<long>, const T1 &, bool)::[lambda(int) (instance 1)]>(long, T3)"
613697,613697,0,11,9,2150054.5,175996.0,11442,7509247,3114775.0,28055.5,14598.0,5396,121673,33754.4,2591548.8,190306.0,366,7501135,3286572.8,1824.0,1760.0,1440,2336,286.2,cudaLaunchKernel,"void at::native::unrolled_elementwise_kernel<at::native::direct_copy_kernel_cuda(at::TensorIteratorBase &)::[lambda() (instance 3)]::operator ()() const::[lambda() (instance 4)]::operator ()() const::[lambda(long) (instance 1)], std::array<char *, (unsigned long)2>, (int)4, TrivialOffsetCalculator<(int)1, unsigned int>, TrivialOffsetCalculator<(int)1, unsigned int>, at::native::memory::LoadWithCast<(int)1>, at::native::memory::StoreWithCast<(int)1>>(int, T1, T2, T4, T5, T6, T7)"
613697,613697,0,112,111,2082177.7,1792532.5,54404,5870871,1884355.9,6253.1,5831.5,4939,13131,1424.5,1969768.2,1633129.0,249,5739667,1856401.1,123746.3,105248.5,45472,237633,71355.5,cudaLaunchKernel,ampere_fp16_s1688gemm_fp16_128x64_sliced1x2_ldg8_f2f_tn
613697,613697,0,4,1,1970896.5,1079559.5,728231,4996236,2043311.0,20318.8,15192.5,10272,40618,13769.0,4276265.0,4276265.0,4276265,4276265,0.0,882996.5,716116.0,709699,1390055,338068.2,cudaLaunchKernel,ampere_fp16_s16816gemm_fp16_128x64_ldg8_f2f_tn
613697,613697,0,4,2,1902303.3,43035.5,14030,7509112,3737918.0,24454.3,16369.0,6895,58184,23557.3,3748201.0,3748201.0,1001,7495401,5299341.1,6008.3,6832.0,3296,7073,1811.8,cuLaunchKernelEx,_get_num_sampled_and_rejected_kernel
613697,613697,0,4,2,1725495.0,1213469.5,9712,4465329,2142848.5,613061.0,24521.5,7152,2396049,1188694.7,2222748.0,2222748.0,1312,4444184,3141584.9,1616.0,1648.0,1248,1920,284.4,cudaLaunchKernel,"void at::native::vectorized_gather_kernel<(int)16, long>(char *, char *, T2 *, int, long, long, long, long, bool)"
613697,613697,0,4,4,1499355.5,314283.0,255193,5113663,2409743.1,28014.0,22701.0,14368,52286,17257.6,1261340.3,119789.5,887,4804895,2365021.4,210001.3,278577.5,2336,280514,138446.5,cudaLaunchKernel,"void at::native::unrolled_elementwise_kernel<at::native::direct_copy_kernel_cuda(at::TensorIteratorBase &)::[lambda() (instance 3)]::operator ()() const::[lambda() (instance 7)]::operator ()() const::[lambda(float) (instance 1)], std::array<char *, (unsigned long)2>, (int)4, TrivialOffsetCalculator<(int)1, unsigned int>, TrivialOffsetCalculator<(int)1, unsigned int>, at::native::memory::LoadWithCast<(int)1>, at::native::memory::StoreWithCast<(int)1>>(int, T1, T2, T4, T5, T6, T7)"
613697,613697,0,2,0,1206088.5,1206088.5,17644,2394533,1680714.3,1204454.5,1204454.5,14376,2394533,1683025.2,,,,,0.0,3616.0,3616.0,3584,3648,45.3,cudaLaunchKernel,"void at::native::reduce_kernel<(int)512, (int)1, at::native::ReduceOp<float, at::native::ArgMaxOps<float>, unsigned int, long, (int)4, (int)4>>(T3)"
613697,613697,0,1,0,959317.0,959317.0,959317,959317,0.0,954912.0,954912.0,954912,954912,0.0,,,,,0.0,6688.0,6688.0,6688,6688,0.0,cudaLaunchKernel,"void at::native::vectorized_elementwise_kernel<(int)4, at::native::sin_kernel_cuda(at::TensorIteratorBase &)::[lambda() (instance 2)]::operator ()() const::[lambda() (instance 2)]::operator ()() const::[lambda(float) (instance 1)], std::array<char *, (unsigned long)2>>(int, T2, T3)"
613697,613697,0,1,0,952297.0,952297.0,952297,952297,0.0,948076.0,948076.0,948076,948076,0.0,,,,,0.0,6400.0,6400.0,6400,6400,0.0,cudaLaunchKernel,"void at::native::vectorized_elementwise_kernel<(int)4, at::native::cos_kernel_cuda(at::TensorIteratorBase &)::[lambda() (instance 2)]::operator ()() const::[lambda() (instance 2)]::operator ()() const::[lambda(float) (instance 1)], std::array<char *, (unsigned long)2>>(int, T2, T3)"
613697,613697,0,141,105,529037.4,17933.0,8757,5599148,1282001.3,13900.6,8670.0,6275,81683,9482.0,689967.5,1464.0,31,5588517,1447563.0,1457.9,928.0,832,3872,1144.0,cudaLaunchKernel,"void at::native::vectorized_elementwise_kernel<(int)4, at::native::FillFunctor<c10::Half>, std::array<char *, (unsigned long)1>>(int, T2, T3)"
613697,613697,0,2,1,526620.0,526620.0,14859,1038381,723739.3,525394.0,525394.0,12407,1038381,725473.2,1044.0,1044.0,1044,1044,0.0,1152.0,1152.0,896,1408,362.0,cudaLaunchKernel,"void <unnamed>::elementwise_kernel_with_index<int, at::native::arange_cuda_out(const c10::Scalar &, const c10::Scalar &, const c10::Scalar &, at::Tensor &)::[lambda() (instance 1)]::operator ()() const::[lambda() (instance 7)]::operator ()() const::[lambda(long) (instance 1)]>(T1, T2, function_traits<T2>::result_type *)"
613697,613697,0,2,0,286739.0,286739.0,20334,553144,376753.6,38392.0,38392.0,20279,56505,25615.7,,,,,0.0,249233.0,249233.0,1248,497218,350703.8,cudaLaunchKernel,"void at::native::vectorized_elementwise_kernel<(int)4, at::native::FillFunctor<unsigned char>, std::array<char *, (unsigned long)1>>(int, T2, T3)"
613697,613697,0,2,1,161351.5,161351.5,32471,290232,182264.6,33715.5,33715.5,12071,55360,30609.9,6832.0,6832.0,6832,6832,0.0,127840.5,127840.5,13568,242113,161605.7,cuLaunchKernelEx,_gumbel_sample_kernel
613697,613697,0,40,40,156317.3,8369.0,7373,5850550,923430.3,5123.1,4729.5,4256,9590,1051.1,149295.0,1777.0,517,5838736,922651.5,1899.2,1728.0,1344,6080,991.6,cuLaunchKernel,triton_per_fused_fused_add_rms_norm_9
613697,613697,0,2,1,145646.5,145646.5,117899,173394,39240.9,64411.5,64411.5,13836,114987,71524.6,326.0,326.0,326,326,0.0,82272.0,82272.0,5312,159232,108837.9,cudaLaunchKernel,"void at::native::index_elementwise_kernel<(int)128, (int)4, void at::native::index_fill_kernel_impl<at::native::OpaqueType<(int)4>>(at::TensorIterator &, long, long, long, T1)::[lambda(int) (instance 1)]>(long, T3)"
613697,613697,0,1,0,116809.0,116809.0,116809,116809,0.0,114407.0,114407.0,114407,114407,0.0,,,,,0.0,3136.0,3136.0,3136,3136,0.0,cudaLaunchKernel,"void at::native::index_elementwise_kernel<(int)128, (int)4, void at::native::gpu_index_kernel<void at::native::index_kernel_impl<at::native::OpaqueType<(int)2>>(at::TensorIteratorBase &, c10::ArrayRef<long>, c10::ArrayRef<long>)::[lambda(char *, const char *, long) (instance 1)]>(at::TensorIteratorBase &, c10::ArrayRef<long>, c10::ArrayRef<long>, const T1 &, bool)::[lambda(int) (instance 1)]>(long, T3)"
613697,613697,0,1,0,114943.0,114943.0,114943,114943,0.0,114943.0,114943.0,114943,114943,0.0,,,,,0.0,928.0,928.0,928,928,0.0,cudaLaunchKernel,"void <unnamed>::elementwise_kernel_with_index<int, at::native::arange_cuda_out(const c10::Scalar &, const c10::Scalar &, const c10::Scalar &, at::Tensor &)::[lambda() (instance 1)]::operator ()() const::[lambda() (instance 4)]::operator ()() const::[lambda(long) (instance 1)]>(T1, T2, function_traits<T2>::result_type *)"
613697,613697,0,508,504,84489.2,8495.0,7196,5600671,526993.6,4895.9,4627.0,3891,25617,1646.2,78136.4,1825.0,793,5587473,528176.6,2086.7,1920.0,1504,8640,1114.5,cuLaunchKernel,triton_per_fused_fused_add_rms_norm_7
613697,613697,0,508,507,83062.8,8933.0,7162,5601496,522700.9,5289.4,4895.0,3850,65113,3407.9,75362.9,1766.0,197,5584975,521905.4,2564.2,2304.0,1760,11808,1547.8,cuLaunchKernel,triton_per_fused_fused_add_rms_norm_8
613697,613697,0,508,506,79755.8,8360.5,7030,5393124,495858.9,4912.2,4631.5,3860,30460,1749.7,73319.4,1852.0,666,5383344,496311.2,1817.3,1760.0,1376,6208,748.8,cuLaunchKernel,triton_per_fused_fused_add_rms_norm_5
613697,613697,0,508,508,77327.4,8413.5,7343,5363808,494326.8,5188.8,4865.5,4140,28564,1926.1,70184.7,1746.0,314,5352113,493645.6,1953.9,1856.0,1408,7168,880.5,cuLaunchKernel,triton_per_fused_fused_add_rms_norm_6
613697,613697,0,28,27,67407.1,17061.0,9490,1056346,200864.9,22765.9,7530.5,6267,411349,76197.2,14710.5,1603.0,207,259284,52501.2,30544.1,8416.0,1440,647459,121125.1,cudaLaunchKernel,"void at::native::<unnamed>::distribution_elementwise_grid_stride_kernel<float, (int)4, void at::native::templates::cuda::normal_and_transform<c10::Half, float, at::CUDAGeneratorImpl *, void at::native::templates::cuda::normal_kernel<at::CUDAGeneratorImpl *>(const at::TensorBase &, double, double, T1)::[lambda() (instance 1)]::operator ()() const::[lambda() (instance 3)]::operator ()() const::[lambda(float) (instance 1)]>(at::TensorIteratorBase &, T3, T4)::[lambda(curandStatePhilox4_32_10 *) (instance 2)], void at::native::<unnamed>::distribution_nullary_kernel<c10::Half, float, float4, at::CUDAGeneratorImpl *, void at::native::templates::cuda::normal_and_transform<c10::Half, float, at::CUDAGeneratorImpl *, void at::native::templates::cuda::normal_kernel<at::CUDAGeneratorImpl *>(const at::TensorBase &, double, double, T1)::[lambda() (instance 1)]::operator ()() const::[lambda() (instance 3)]::operator ()() const::[lambda(float) (instance 1)]>(at::TensorIteratorBase &, T3, T4)::[lambda(curandStatePhilox4_32_10 *) (instance 2)], void at::native::templates::cuda::normal_kernel<at::CUDAGeneratorImpl *>(const at::TensorBase &, double, double, T1)::[lambda() (instance 1)]::operator ()() const::[lambda() (instance 3)]::operator ()() const::[lambda(float) (instance 1)]>(at::TensorIteratorBase &, T4, const T5 &, T6)::[lambda(int, float) (instance 1)]>(long, at::PhiloxCudaState, T3, T4)"
613697,613697,0,1,0,62216.0,62216.0,62216,62216,0.0,62216.0,62216.0,62216,62216,0.0,,,,,0.0,928.0,928.0,928,928,0.0,cudaLaunchKernel,"void at::native::vectorized_elementwise_kernel<(int)2, at::native::FillFunctor<double>, std::array<char *, (unsigned long)1>>(int, T2, T3)"
613697,613697,0,28,27,58620.2,57545.5,56179,69417,3461.0,8602.0,7511.0,6241,21050,3821.9,1424.3,1522.0,802,1747,264.0,48696.1,48704.0,48545,49024,91.1,cudaLaunchKernel,"void flashinfer::BatchPrefillWithPagedKVCacheKernel<flashinfer::KernelTraits<(flashinfer::MaskMode)1, (unsigned int)16, (unsigned int)1, (unsigned int)1, (unsigned int)8, (unsigned int)8, (unsigned int)1, (unsigned int)4, (flashinfer::PosEncodingMode)0, __half, __half, __half, float, int, flashinfer::DefaultAttention<(bool)0, (bool)0, (bool)0, (bool)0>>, PagedParams>(T2)"
613697,613697,0,1,0,56089.0,56089.0,56089,56089,0.0,56089.0,56089.0,56089,56089,0.0,,,,,0.0,4704.0,4704.0,4704,4704,0.0,cuLaunchKernelEx,_prompt_logprobs_token_ids_kernel
613697,613697,0,1,0,50669.0,50669.0,50669,50669,0.0,42927.0,42927.0,42927,42927,0.0,,,,,0.0,7968.0,7968.0,7968,7968,0.0,cudaLaunchKernel,"void at::native::elementwise_kernel<(int)128, (int)2, void at::native::gpu_kernel_impl_nocast<at::native::BinaryFunctor<float, float, float, at::native::binary_internal::MulFunctor<float>>>(at::TensorIteratorBase &, const T1 &)::[lambda(int) (instance 1)]>(int, T3)"
613697,613697,0,1,0,47325.0,47325.0,47325,47325,0.0,30450.0,30450.0,30450,30450,0.0,,,,,0.0,17600.0,17600.0,17600,17600,0.0,cuLaunchKernelEx,_apply_grammar_bitmask_kernel
613697,613697,0,144,143,46057.6,8759.0,7197,5365436,446384.5,43552.1,6290.0,4545,5365436,446595.0,1559.4,1566.0,1016,1928,187.0,963.6,960.0,928,1120,30.1,cudaLaunchKernel,"void at::native::unrolled_elementwise_kernel<at::native::CUDAFunctorOnSelf_add<int>, std::array<char *, (unsigned long)2>, (int)4, TrivialOffsetCalculator<(int)1, unsigned int>, TrivialOffsetCalculator<(int)1, unsigned int>, at::native::memory::LoadWithoutCast, at::native::memory::StoreWithoutCast>(int, T1, T2, T4, T5, T6, T7)"
613697,613697,0,1,0,42474.0,42474.0,42474,42474,0.0,31378.0,31378.0,31378,31378,0.0,,,,,0.0,13088.0,13088.0,13088,13088,0.0,cuLaunchKernelEx,_bincount_kernel
613697,613697,0,12,3,41313.5,42598.0,12114,66126,20110.4,34995.0,32941.0,6782,61637,20823.5,944.7,965.0,262,1607,672.7,9218.7,11456.0,4000,12544,3852.6,cuLaunchKernelEx,_apply_write_kernel
613697,613697,0,924,917,36063.4,35962.5,13588,79038,13745.3,7318.7,6853.5,5638,43511,2337.7,1581.0,1634.0,13,2230,274.2,27188.7,27472.0,5824,50177,13519.7,cudaLaunchKernel,"void flashinfer::BatchPrefillWithPagedKVCacheKernel<flashinfer::KernelTraits<(flashinfer::MaskMode)0, (unsigned int)16, (unsigned int)1, (unsigned int)1, (unsigned int)8, (unsigned int)8, (unsigned int)1, (unsigned int)4, (flashinfer::PosEncodingMode)0, __half, __half, __half, float, int, flashinfer::DefaultAttention<(bool)0, (bool)0, (bool)0, (bool)0>>, PagedParams>(T2)"
613697,613697,0,1316,1313,35090.4,32228.5,18881,106367,10741.6,5023.1,4584.0,3651,37979,2438.3,2707.1,1836.0,125,34469,4130.1,27370.1,24672.0,12960,71040,9182.4,cuLaunchKernel,void cutlass::Kernel2<cutlass_80_tensorop_f16_s16816gemm_relu_f16_64x64_32x6_tn_align8>(T1::Params)
613697,613697,0,2,1,34125.0,34125.0,8373,59877,36418.8,32457.0,32457.0,6030,58884,37373.4,1319.0,1319.0,1319,1319,0.0,1024.0,1024.0,1024,1024,0.0,cudaLaunchKernel,"void at::native::vectorized_elementwise_kernel<(int)4, at::native::CUDAFunctorOnSelf_add<int>, std::array<char *, (unsigned long)2>>(int, T2, T3)"
613697,613697,0,56,54,33063.9,32936.5,29885,37577,1858.3,6120.4,5034.0,4155,31761,3875.0,3762.2,3494.0,399,9615,2311.5,23763.5,23712.0,23488,24417,198.4,cudaLaunchKernel,ampere_fp16_s16816gemm_fp16_64x64_sliced1x2_ldg8_f2f_stages_64x5_tn
613697,613697,0,2,1,32918.0,32918.0,18385,47451,20552.8,28439.5,28439.5,13490,43389,21141.8,735.0,735.0,735,735,0.0,6128.0,6128.0,4160,8096,2783.2,cuLaunchKernelEx,_prepare_prefill_inputs_kernel
613697,613697,0,3,2,30317.7,16120.0,15208,59625,25385.0,26254.3,11330.0,7808,59625,28953.4,1135.0,1135.0,710,1560,601.0,5568.0,6752.0,3168,6784,2078.5,cuLaunchKernelEx,_combine_sampled_and_draft_tokens_kernel
613697,613697,0,196,195,30006.8,30606.5,26310,45741,2236.0,4558.2,4348.5,3740,19658,1300.7,1861.0,1878.0,1244,2220,158.7,23598.2,24321.0,20608,26304,1860.4,cuLaunchKernel,void cutlass::Kernel2<cutlass_80_wmma_tensorop_f16_s161616gemm_f16_32x32_64x2_tn_align8>(T1::Params)
613697,613697,0,84,84,29924.2,29910.5,28526,32041,532.1,4683.0,4649.5,3706,6882,438.6,1798.8,1824.0,839,2178,198.4,23442.4,23408.5,22976,24416,272.6,cuLaunchKernel,void cutlass::Kernel2<cutlass_80_wmma_tensorop_f16_s161616gemm_f16_32x32_32x1_tn_align8>(T1::Params)
613697,613697,0,924,921,28735.2,28938.5,7638,68724,13811.0,5404.3,5040.5,4164,68724,2859.5,20978.2,21188.0,129,44784,13165.6,2424.6,2432.0,1440,3616,578.5,cudaLaunchKernel,"void flashinfer::PersistentVariableLengthMergeStatesKernel<(unsigned int)8, (unsigned int)16, (unsigned int)8, (unsigned int)4, __half, __half, int>(T5 *, float *, T7 *, T6 *, float *, unsigned int, unsigned int *, unsigned int)"
613697,613697,0,3,3,28556.7,16544.0,16486,52640,20856.8,18699.0,6490.0,6214,43393,21386.1,1484.3,1702.0,831,1920,576.2,8373.3,8352.0,8352,8416,37.0,cudaLaunchKernel,"void at::native::<unnamed>::distribution_elementwise_grid_stride_kernel<float, (int)4, void at::native::templates::cuda::normal_and_transform<float, float, at::CUDAGeneratorImpl *, void at::native::templates::cuda::normal_kernel<at::CUDAGeneratorImpl *>(const at::TensorBase &, double, double, T1)::[lambda() (instance 1)]::operator ()() const::[lambda() (instance 2)]::operator ()() const::[lambda(float) (instance 1)]>(at::TensorIteratorBase &, T3, T4)::[lambda(curandStatePhilox4_32_10 *) (instance 2)], void at::native::<unnamed>::distribution_nullary_kernel<float, float, float4, at::CUDAGeneratorImpl *, void at::native::templates::cuda::normal_and_transform<float, float, at::CUDAGeneratorImpl *, void at::native::templates::cuda::normal_kernel<at::CUDAGeneratorImpl *>(const at::TensorBase &, double, double, T1)::[lambda() (instance 1)]::operator ()() const::[lambda() (instance 2)]::operator ()() const::[lambda(float) (instance 1)]>(at::TensorIteratorBase &, T3, T4)::[lambda(curandStatePhilox4_32_10 *) (instance 2)], void at::native::templates::cuda::normal_kernel<at::CUDAGeneratorImpl *>(const at::TensorBase &, double, double, T1)::[lambda() (instance 1)]::operator ()() const::[lambda() (instance 2)]::operator ()() const::[lambda(float) (instance 1)]>(at::TensorIteratorBase &, T4, const T5 &, T6)::[lambda(int, float) (instance 1)]>(long, at::PhiloxCudaState, T3, T4)"
613697,613697,0,3,2,27284.7,10977.0,10422,60455,28727.7,24924.0,7813.0,6504,60455,30777.7,1301.0,1301.0,1052,1550,352.1,2282.7,2368.0,2112,2368,147.8,cuLaunchKernelEx,_compute_slot_mappings_kernel
613697,613697,0,224,223,25809.3,27199.5,21710,56439,3278.5,4755.3,4410.0,3785,32949,2262.8,1816.1,1848.0,998,2181,166.1,19247.6,19424.0,16128,22912,2370.2,cuLaunchKernel,void cutlass::Kernel2<cutlass_80_wmma_tensorop_f16_s161616gemm_f16_32x32_32x2_tn_align8>(T1::Params)
613697,613697,0,448,445,23436.5,23340.0,17904,34045,3893.8,5521.2,5218.0,3933,18139,1523.7,2803.2,1721.0,255,13078,2464.8,15155.4,16160.0,11872,17312,1816.4,cudaLaunchKernel,ampere_fp16_s16816gemm_fp16_64x64_ldg8_f2f_stages_64x5_tn
613697,613697,0,113,112,23162.8,17722.0,11800,451719,40935.8,5403.0,5065.0,4025,22023,1882.2,1747.6,1767.0,659,2077,180.9,16042.0,10913.0,4832,437731,40267.4,cudaLaunchKernel,"std::enable_if<!T7, void>::type internal::gemvx::kernel<int, int, __half, __half, __half, float, (bool)0, (bool)1, (bool)1, (bool)0, (int)6, (bool)0, cublasGemvParamsEx<int, cublasGemvTensorStridedBatched<const __half>, cublasGemvTensorStridedBatched<const __half>, cublasGemvTensorStridedBatched<__half>, float>>(T13)"
613697,613697,0,3,2,22661.3,16463.0,13984,37537,12942.2,16205.3,9740.0,7307,31569,13360.8,1068.0,1068.0,404,1732,939.0,6336.0,7424.0,3840,7744,2167.5,cuLaunchKernelEx,_gather_block_tables_kernel
613697,613697,0,308,307,21903.3,20931.0,19563,36513,2002.2,5629.8,5403.5,4151,22716,1500.1,1669.2,1661.0,853,3045,207.4,14631.7,13568.0,12577,17696,2031.0,cudaLaunchKernel,ampere_fp16_s16816gemm_fp16_128x64_ldg8_f2f_stages_32x6_tn
613697,613697,0,672,667,21364.2,20217.5,16722,58563,4219.7,4988.9,4533.0,3617,44663,2678.5,1839.7,1860.0,361,2580,193.5,14593.6,14048.0,10240,28320,3558.6,cuLaunchKernel,void cutlass::Kernel2<cutlass_80_wmma_tensorop_f16_s161616gemm_f16_16x16_128x2_tn_align8>(T1::Params)
613697,613697,0,1036,1033,21138.9,16271.5,8941,4082830,126399.7,9336.5,5161.5,4055,4082830,126690.1,9957.2,9074.0,752,23657,4476.0,1879.6,1792.0,1248,2624,394.9,cudaLaunchKernelExC_v11060,"void cublasLt::splitKreduce_kernel<(int)32, (int)16, int, __half, __half, float, __half, (bool)0, __half, __half, __half, (bool)1, (bool)0, (bool)0, (bool)0>(cublasLt::cublasSplitKParams<T6>, const T4 *, const T10 *, T9 *, T5 *, const T6 *, const T6 *, const T11 *, const T4 *, T11 *, void *, long, T6 *, int *, T6 *, T6 *, const T6 *, const T6 *, const T6 *, const T6 *, const T6 *)"
613697,613697,0,40,35,20954.9,18117.0,15530,64212,9479.2,18251.5,15207.5,10539,64212,10047.2,540.1,574.0,51,920,228.9,2436.0,2336.0,1664,5088,642.5,cuLaunchKernel,triton_red_fused__to_copy_embedding_rms_norm_0
613697,613697,0,28,28,20576.1,20421.0,20025,21775,518.2,5346.3,5224.5,4565,7759,636.8,1488.0,1557.5,159,1784,288.7,13741.8,13600.5,13408,14432,319.4,cudaLaunchKernel,ampere_fp16_s16816gemm_fp16_64x128_ldg8_f2f_stages_32x6_tn
613697,613697,0,56,56,20150.2,19935.0,19175,31880,1650.3,5378.4,5116.0,4415,18189,1794.0,1576.9,1615.0,603,1916,214.8,13194.9,13120.0,12992,13920,204.7,cudaLaunchKernel,ampere_fp16_s16816gemm_fp16_128x64_ldg8_f2f_stages_64x3_tn
613697,613697,0,728,728,19665.4,19385.5,14361,45767,4059.4,4930.9,4844.5,3531,36290,1450.2,1813.3,1825.5,543,2642,172.3,12921.2,12544.0,8064,22496,3994.2,cuLaunchKernel,void cutlass::Kernel2<cutlass_80_wmma_tensorop_f16_s161616gemm_f16_32x32_128x2_tn_align8>(T1::Params)
613697,613697,0,84,83,19004.9,11572.5,10146,543063,58020.5,14728.3,7096.0,5997,540906,58267.7,1473.8,1564.0,174,1983,341.1,2829.7,2816.0,2304,3072,124.8,cudaLaunchKernel,"<unnamed>::paged_decode_partial_kernel(const __half *, const __half *, const __half *, const int *, const int *, __half *, float *, float *, int, int, int, int, int, int, const int *, bool)"
613697,613697,0,3,2,18704.0,13020.0,11811,31281,10908.8,17132.3,10427.0,9689,31281,12258.7,1093.5,1093.5,938,1249,219.9,1301.3,1344.0,1184,1376,102.9,cuLaunchKernelEx,_prepare_pos_seq_lens_kernel
613697,613697,0,184,144,16663.8,11692.5,7193,106577,11121.8,14822.3,9634.0,4756,106577,11837.3,1319.5,1464.0,39,3754,560.1,972.0,928.0,864,1504,130.5,cudaLaunchKernel,"void <unnamed>::elementwise_kernel_with_index<int, at::native::arange_cuda_out(const c10::Scalar &, const c10::Scalar &, const c10::Scalar &, at::Tensor &)::[lambda() (instance 1)]::operator ()() const::[lambda() (instance 3)]::operator ()() const::[lambda(long) (instance 1)]>(T1, T2, function_traits<T2>::result_type *)"
613697,613697,0,4,4,16449.5,7945.5,7208,42699,17505.1,14258.3,5449.5,4632,41502,18167.7,1223.3,1520.0,237,1616,663.1,968.0,960.0,960,992,16.0,cudaLaunchKernel,"void at::native::vectorized_elementwise_kernel<(int)2, at::native::FillFunctor<int>, std::array<char *, (unsigned long)1>>(int, T2, T3)"
613697,613697,0,28,27,13116.1,12906.5,11989,18115,1180.4,7163.4,6837.0,5618,14841,1693.2,1581.4,1673.0,860,1936,247.8,4491.4,4480.0,4448,5056,112.3,cudaLaunchKernel,"void flashinfer::BatchPrefillWithPagedKVCacheKernel<flashinfer::KernelTraits<(flashinfer::MaskMode)1, (unsigned int)64, (unsigned int)1, (unsigned int)4, (unsigned int)8, (unsigned int)8, (unsigned int)4, (unsigned int)1, (flashinfer::PosEncodingMode)0, __half, __half, __half, float, int, flashinfer::DefaultAttention<(bool)0, (bool)0, (bool)0, (bool)0>>, PagedParams>(T2)"
613697,613697,0,74,71,12953.0,11623.0,10098,59281,6684.0,10473.9,8977.5,7414,59281,7150.5,1194.4,1162.0,222,3450,347.3,1392.0,1376.0,1184,1632,138.2,cuLaunchKernelEx,_copy_page_indices_kernel
613697,613697,0,40,38,11539.5,9934.5,8478,51137,6836.2,6661.7,5779.0,4801,16768,2469.8,2374.8,1572.0,194,34782,5410.5,2668.8,2368.0,1856,9056,1501.3,cuLaunchKernel,triton_per_fused__to_copy_embedding_fused_add_rms_norm_4
613697,613697,0,40,38,11479.0,9056.5,8085,71673,10084.8,6206.5,5268.0,4516,16226,2417.4,2964.9,1709.0,106,51248,8070.6,2483.2,2160.0,1664,10720,1900.5,cuLaunchKernel,triton_per_fused__to_copy_embedding_fused_add_rms_norm_3
613697,613697,0,1064,1057,11355.6,10740.5,8322,96615,3913.1,6366.4,5757.0,4492,96615,3964.3,1768.2,1786.0,467,2398,213.9,3247.5,2848.0,1824,8960,1095.9,cuLaunchKernelEx,_l20_qk_norm_rope_kv_kernel
613697,613697,0,144,142,10921.9,9775.5,6885,35486,4172.4,8797.6,7435.0,4259,34899,4659.9,1238.3,1290.5,308,2019,448.1,912.2,880.0,832,1088,75.6,cudaLaunchKernel,"void at::native::vectorized_elementwise_kernel<(int)4, at::native::FillFunctor<bool>, std::array<char *, (unsigned long)1>>(int, T2, T3)"
613697,613697,0,40,38,10586.8,9452.5,8571,21925,2733.7,7142.6,6021.0,5058,20219,3049.9,1516.5,1596.5,203,1932,316.3,2020.8,1984.0,1536,4320,567.6,cuLaunchKernel,triton_per_fused__to_copy_embedding_fused_add_rms_norm_1
613697,613697,0,73,72,9481.3,8767.0,7776,36228,3566.3,7070.7,6249.0,5495,36228,3851.2,1580.1,1593.0,1117,2028,175.0,864.0,864.0,832,896,18.5,cudaLaunchKernel,"void at_cuda_detail::cub::detail::scan::DeviceScanInitKernel<at_cuda_detail::cub::ScanTileState<int, (bool)1>>(T1, int)"
613697,613697,0,84,84,9182.5,8647.0,7819,29811,2534.8,5588.3,5006.0,4237,25762,2526.7,1812.4,1799.0,1262,2730,248.2,1781.7,1792.0,1760,1888,23.4,cudaLaunchKernel,"<unnamed>::paged_decode_merge_kernel(const __half *, const float *, const float *, __half *, int, int)"
613697,613697,0,218,217,8950.4,7867.0,6533,32303,3123.7,6323.5,5299.0,3988,30616,3180.7,1629.0,1632.0,636,2492,221.3,1009.6,960.0,864,1376,119.1,cudaLaunchKernel,"void at::native::vectorized_elementwise_kernel<(int)2, at::native::FillFunctor<long>, std::array<char *, (unsigned long)1>>(int, T2, T3)"
613697,613697,0,69,69,8757.9,8094.0,7010,46587,4777.1,6295.7,5586.0,4472,45055,4913.0,1596.8,1616.0,636,1904,194.6,865.4,864.0,832,896,19.4,cudaLaunchKernel,"void at::native::unrolled_elementwise_kernel<at::native::FillFunctor<int>, std::array<char *, (unsigned long)1>, (int)4, TrivialOffsetCalculator<(int)0, unsigned int>, TrivialOffsetCalculator<(int)1, unsigned int>, at::native::memory::LoadWithoutCast, at::native::memory::StoreWithoutCast>(int, T1, T2, T4, T5, T6, T7)"
613697,613697,0,73,73,8354.0,8293.0,7675,9582,328.4,5246.5,5174.0,4690,6974,356.3,1582.5,1577.0,1072,1841,129.2,1525.1,1536.0,1472,1600,45.0,cudaLaunchKernel,"void at_cuda_detail::cub::detail::scan::DeviceScanKernel<at_cuda_detail::cub::detail::scan::policy_hub<int, int, int, unsigned int, std::plus<int>>::Policy1000, const int *, int *, at_cuda_detail::cub::ScanTileState<int, (bool)1>, std::plus<int>, at_cuda_detail::cub::NullType, unsigned int, int, (bool)0, at_cuda_detail::cub::NullType>(T2, T3, T4, int, T5, T6, T7)"
613697,613697,0,113,112,8314.8,7417.0,6167,99379,8694.5,5698.6,4744.0,3648,99379,8946.7,1753.3,1791.0,1098,2128,218.0,886.4,896.0,864,1184,32.3,cudaLaunchKernel,"void at::native::vectorized_elementwise_kernel<(int)4, at::native::FillFunctor<float>, std::array<char *, (unsigned long)1>>(int, T2, T3)"
